suite,rows,variant,phase,mode,memory,case,n,median_ms,min_ms,max_ms,planning_median_ms,plan,baseline_median_ms,change_pct,baseline_plan,plan_changed
documents,200000,gin,clean,default,64MB,array_and,2,0.9335,0.843,1.024,0.056,"Bitmap Heap Scan, Bitmap Index Scan",,,,
documents,200000,gin,clean,default,64MB,array_common,2,4.446999999999999,4.132,4.762,0.0655,"Bitmap Heap Scan, Bitmap Index Scan",,,,
documents,200000,gin,clean,default,64MB,array_or,2,10.6835,9.862,11.505,0.0885,"Bitmap Heap Scan, Bitmap Index Scan",,,,
documents,200000,gin,clean,default,64MB,ts_and,2,1.0955,1.034,1.157,0.0685,"Bitmap Heap Scan, Bitmap Index Scan",,,,
documents,200000,gin,clean,default,64MB,ts_common,2,46.995,44.577,49.413,0.0675,Seq Scan,,,,
documents,200000,gin,clean,default,64MB,ts_fetch,2,6.946,6.167,7.725,0.0705,"Bitmap Heap Scan, Bitmap Index Scan",,,,
documents,200000,gin,clean,default,64MB,ts_phrase,2,11.1115,9.95,12.273,0.07250000000000001,"Bitmap Heap Scan, Bitmap Index Scan",,,,
documents,200000,gin,clean,default,64MB,ts_prefix,2,2.148,2.136,2.16,0.0645,"Bitmap Heap Scan, Bitmap Index Scan",,,,
documents,200000,roaring,clean,default,64MB,array_and,2,0.1195,0.118,0.121,0.077,RoaringCount,,,,
documents,200000,roaring,clean,default,64MB,array_common,2,0.0335,0.024,0.043,0.0945,RoaringCount,,,,
documents,200000,roaring,clean,default,64MB,array_or,2,0.3085,0.291,0.326,0.121,RoaringCount,,,,
documents,200000,roaring,clean,default,64MB,ts_and,2,0.114,0.112,0.116,0.08,RoaringCount,,,,
documents,200000,roaring,clean,default,64MB,ts_common,2,0.037,0.031,0.043,0.066,RoaringCount,,,,
documents,200000,roaring,clean,default,64MB,ts_fetch,2,5.3855,5.363,5.408,0.0525,"Bitmap Heap Scan, Bitmap Index Scan",,,,
documents,200000,roaring,clean,default,64MB,ts_phrase,2,83.315,82.993,83.637,0.08,"Bitmap Heap Scan, Bitmap Index Scan",,,,
documents,200000,roaring,clean,default,64MB,ts_prefix,2,73.24549999999999,72.26,74.231,0.061,"Bitmap Heap Scan, Bitmap Index Scan",,,,
documents,200000,roaring_bitmap,clean,default,64MB,array_and,2,0.248,0.236,0.26,0.074,"Bitmap Heap Scan, Bitmap Index Scan",,,,
documents,200000,roaring_bitmap,clean,default,64MB,array_common,2,5.588,5.549,5.627,0.0755,"Bitmap Heap Scan, Bitmap Index Scan",,,,
documents,200000,roaring_bitmap,clean,default,64MB,array_or,2,8.05,7.801,8.299,0.0565,"Bitmap Heap Scan, Bitmap Index Scan",,,,
documents,200000,roaring_bitmap,clean,default,64MB,ts_and,2,0.2475,0.221,0.274,0.057,"Bitmap Heap Scan, Bitmap Index Scan",,,,
documents,200000,roaring_bitmap,clean,default,64MB,ts_common,2,39.3945,38.778,40.011,0.065,Seq Scan,,,,
documents,200000,roaring_bitmap,clean,default,64MB,ts_fetch,2,5.766,5.408,6.124,0.09,"Bitmap Heap Scan, Bitmap Index Scan",,,,
documents,200000,roaring_bitmap,clean,default,64MB,ts_phrase,2,91.1185,89.232,93.005,0.0565,"Bitmap Heap Scan, Bitmap Index Scan",,,,
documents,200000,roaring_bitmap,clean,default,64MB,ts_prefix,2,76.35249999999999,71.097,81.608,0.048,"Bitmap Heap Scan, Bitmap Index Scan",,,,
scalar,1000000,btree,after_maintenance,default,64MB,eq_c200_17,2,0.383,0.361,0.405,0.055,Index Only Scan,,,,
scalar,1000000,btree,after_maintenance,default,64MB,group_c200,2,93.219,89.353,97.085,0.04,Index Only Scan,,,,
scalar,1000000,btree,clean,default,64MB,and2,2,3.1195,2.915,3.324,0.056999999999999995,"Bitmap Heap Scan, Bitmap Index Scan",,,,
scalar,1000000,btree,clean,default,64MB,and3,2,3.2445,3.073,3.416,0.0445,"Bitmap Heap Scan, Bitmap Index Scan",,,,
scalar,1000000,btree,clean,default,64MB,eq_c200_17,2,0.493,0.351,0.635,0.052500000000000005,Index Only Scan,,,,
scalar,1000000,btree,clean,default,64MB,eq_c20k_123,2,0.0265,0.023,0.03,0.0675,Index Only Scan,,,,
scalar,1000000,btree,clean,default,64MB,eq_c2_0,2,36.283,34.794,37.772,0.0505,Index Only Scan,,,,
scalar,1000000,btree,clean,default,64MB,fetch_medium,2,4.4205,3.65,5.191,0.0565,"Bitmap Heap Scan, Bitmap Index Scan",,,,
scalar,1000000,btree,clean,default,64MB,group_c200,2,93.6455,90.133,97.158,0.043,Index Only Scan,,,,
scalar,1000000,btree,clean,default,64MB,in_c20k_100,2,0.358,0.331,0.385,0.1,Index Only Scan,,,,
scalar,1000000,btree,clean,default,64MB,is_null,2,7.2775,7.097,7.458,0.032,Index Only Scan,,,,
scalar,1000000,btree,clean,default,64MB,range_random,2,0.361,0.313,0.409,0.123,Index Only Scan,,,,
scalar,1000000,btree,dirty_scattered,default,64MB,and2,2,3.7375000000000003,3.402,4.073,0.053000000000000005,"Bitmap Heap Scan, Bitmap Index Scan",,,,
scalar,1000000,btree,dirty_scattered,default,64MB,eq_c200_17,2,0.33799999999999997,0.326,0.35,0.0465,Index Only Scan,,,,
scalar,1000000,btree,dirty_scattered,default,64MB,eq_c2_0,2,77.58449999999999,75.112,80.057,0.048,"Bitmap Heap Scan, Bitmap Index Scan",,,,
scalar,1000000,btree,dirty_scattered,default,64MB,group_c200,2,158.756,151.151,166.361,0.149,Seq Scan,,,,
scalar,1000000,btree,dirty_scattered,prefer_index,64MB,group_c200,2,90.3075,88.974,91.641,0.056,Index Only Scan,,,,
scalar,1000000,gin,after_maintenance,default,64MB,eq_c200_17,2,3.3055,2.807,3.804,0.05,"Bitmap Heap Scan, Bitmap Index Scan",,,,
scalar,1000000,gin,after_maintenance,default,64MB,group_c200,2,148.534,148.292,148.776,0.041499999999999995,Seq Scan,,,,
scalar,1000000,gin,clean,default,64MB,and2,2,34.2575,34.004,34.511,0.051500000000000004,"Bitmap Heap Scan, Bitmap Index Scan",,,,
scalar,1000000,gin,clean,default,64MB,and3,2,5.298500000000001,5.272,5.325,0.051000000000000004,"Bitmap Heap Scan, Bitmap Index Scan",,,,
scalar,1000000,gin,clean,default,64MB,eq_c200_17,2,3.197,3.122,3.272,0.0635,"Bitmap Heap Scan, Bitmap Index Scan",,,,
scalar,1000000,gin,clean,default,64MB,eq_c20k_123,2,0.057,0.047,0.067,0.0485,"Bitmap Heap Scan, Bitmap Index Scan",,,,
scalar,1000000,gin,clean,default,64MB,eq_c2_0,2,93.519,91.872,95.166,0.0435,"Bitmap Heap Scan, Bitmap Index Scan",,,,
scalar,1000000,gin,clean,default,64MB,fetch_medium,2,3.178,3.105,3.251,0.045,"Bitmap Heap Scan, Bitmap Index Scan",,,,
scalar,1000000,gin,clean,default,64MB,group_c200,2,145.74599999999998,141.006,150.486,0.041999999999999996,Seq Scan,,,,
scalar,1000000,gin,clean,default,64MB,in_c20k_100,2,3.6835,3.661,3.706,0.1365,"Bitmap Heap Scan, Bitmap Index Scan",,,,
scalar,1000000,gin,clean,default,64MB,is_null,2,57.492000000000004,56.947,58.037,0.0235,Seq Scan,,,,
scalar,1000000,gin,clean,default,64MB,range_random,2,41.405,40.589,42.221,0.052500000000000005,"Bitmap Heap Scan, Bitmap Index Scan",,,,
scalar,1000000,gin,dirty_scattered,default,64MB,and2,2,37.1575,36.045,38.27,0.069,"Bitmap Heap Scan, Bitmap Index Scan",,,,
scalar,1000000,gin,dirty_scattered,default,64MB,eq_c200_17,2,3.9885,3.512,4.465,0.078,"Bitmap Heap Scan, Bitmap Index Scan",,,,
scalar,1000000,gin,dirty_scattered,default,64MB,eq_c2_0,2,100.06649999999999,99.292,100.841,0.043,"Bitmap Heap Scan, Bitmap Index Scan",,,,
scalar,1000000,gin,dirty_scattered,default,64MB,group_c200,2,148.6485,147.497,149.8,0.0325,Seq Scan,,,,
scalar,1000000,gin,dirty_scattered,prefer_index,64MB,group_c200,2,143.4845,143.168,143.801,0.052,Seq Scan,,,,
scalar,1000000,roaring,after_maintenance,default,64MB,eq_c200_17,2,0.0545,0.054,0.055,0.063,RoaringCount,,,,
scalar,1000000,roaring,after_maintenance,default,64MB,group_c200,2,154.238,146.498,161.978,0.047,Seq Scan,,,,
scalar,1000000,roaring,clean,default,64MB,and2,2,0.34450000000000003,0.338,0.351,0.041,RoaringCount,,,,
scalar,1000000,roaring,clean,default,64MB,and3,2,0.3195,0.26,0.379,0.094,RoaringCount,,,,
scalar,1000000,roaring,clean,default,64MB,eq_c200_17,2,0.0305,0.028,0.033,0.0485,RoaringCount,,,,
scalar,1000000,roaring,clean,default,64MB,eq_c20k_123,2,0.012,0.011,0.013,0.0335,RoaringCount,,,,
scalar,1000000,roaring,clean,default,64MB,eq_c2_0,2,0.4255,0.403,0.448,0.034,RoaringCount,,,,
scalar,1000000,roaring,clean,default,64MB,fetch_medium,2,3.182,2.709,3.655,0.049,"Bitmap Heap Scan, Bitmap Index Scan",,,,
scalar,1000000,roaring,clean,default,64MB,group_c200,2,4.1075,3.976,4.239,0.032,RoaringCount,,,,
scalar,1000000,roaring,clean,default,64MB,in_c20k_100,2,0.9395,0.589,1.29,0.191,RoaringCount,,,,
scalar,1000000,roaring,clean,default,64MB,is_null,2,0.0995,0.099,0.1,0.03,RoaringCount,,,,
scalar,1000000,roaring,clean,default,64MB,range_random,2,118.93350000000001,116.458,121.409,0.035,Seq Scan,,,,
scalar,1000000,roaring,dirty_scattered,default,64MB,and2,2,0.38449999999999995,0.361,0.408,0.044,RoaringCount,,,,
scalar,1000000,roaring,dirty_scattered,default,64MB,eq_c200_17,2,0.033,0.033,0.033,0.064,RoaringCount,,,,
scalar,1000000,roaring,dirty_scattered,default,64MB,eq_c2_0,2,68.0315,67.192,68.871,0.036000000000000004,"Bitmap Heap Scan, Bitmap Index Scan",,,,
scalar,1000000,roaring,dirty_scattered,default,64MB,group_c200,2,150.352,148.756,151.948,0.042499999999999996,Seq Scan,,,,
scalar,1000000,roaring,dirty_scattered,prefer_index,64MB,group_c200,2,4.0835,3.901,4.266,0.0315,RoaringCount,,,,
scalar,1000000,roaring_bitmap,after_maintenance,default,64MB,eq_c200_17,2,3.4234999999999998,3.225,3.622,0.056999999999999995,"Bitmap Heap Scan, Bitmap Index Scan",,,,
scalar,1000000,roaring_bitmap,after_maintenance,default,64MB,group_c200,2,150.5305,150.266,150.795,0.032,Seq Scan,,,,
scalar,1000000,roaring_bitmap,clean,default,64MB,and2,2,3.535,3.284,3.786,0.064,"Bitmap Heap Scan, Bitmap Index Scan",,,,
scalar,1000000,roaring_bitmap,clean,default,64MB,and3,2,2.6565000000000003,2.466,2.847,0.05,"Bitmap Heap Scan, Bitmap Index Scan",,,,
scalar,1000000,roaring_bitmap,clean,default,64MB,eq_c200_17,2,3.169,2.932,3.406,0.053,"Bitmap Heap Scan, Bitmap Index Scan",,,,
scalar,1000000,roaring_bitmap,clean,default,64MB,eq_c20k_123,2,0.055,0.048,0.062,0.0445,"Bitmap Heap Scan, Bitmap Index Scan",,,,
scalar,1000000,roaring_bitmap,clean,default,64MB,eq_c2_0,2,71.77000000000001,69.986,73.554,0.0595,"Bitmap Heap Scan, Bitmap Index Scan",,,,
scalar,1000000,roaring_bitmap,clean,default,64MB,fetch_medium,2,3.3625,2.925,3.8,0.041999999999999996,"Bitmap Heap Scan, Bitmap Index Scan",,,,
scalar,1000000,roaring_bitmap,clean,default,64MB,group_c200,2,160.453,152.752,168.154,0.035,Seq Scan,,,,
scalar,1000000,roaring_bitmap,clean,default,64MB,in_c20k_100,2,4.0245,3.674,4.375,0.08549999999999999,"Bitmap Heap Scan, Bitmap Index Scan",,,,
scalar,1000000,roaring_bitmap,clean,default,64MB,is_null,2,29.104,27.15,31.058,0.0275,"Bitmap Heap Scan, Bitmap Index Scan",,,,
scalar,1000000,roaring_bitmap,clean,default,64MB,range_random,2,58.576,57.973,59.179,0.041499999999999995,Seq Scan,,,,
scalar,1000000,roaring_bitmap,dirty_scattered,default,64MB,and2,2,3.6845,3.604,3.765,0.0665,"Bitmap Heap Scan, Bitmap Index Scan",,,,
scalar,1000000,roaring_bitmap,dirty_scattered,default,64MB,eq_c200_17,2,2.959,2.543,3.375,0.0445,"Bitmap Heap Scan, Bitmap Index Scan",,,,
scalar,1000000,roaring_bitmap,dirty_scattered,default,64MB,eq_c2_0,2,69.61099999999999,67.628,71.594,0.034,"Bitmap Heap Scan, Bitmap Index Scan",,,,
scalar,1000000,roaring_bitmap,dirty_scattered,default,64MB,group_c200,2,156.40949999999998,151.98,160.839,0.043,Seq Scan,,,,
scalar,1000000,roaring_bitmap,dirty_scattered,prefer_index,64MB,group_c200,2,149.261,147.964,150.558,0.0525,Seq Scan,,,,
scalar,5000000,btree,after_maintenance,default,64MB,eq_c200_17,2,1.9465,1.922,1.971,0.0475,Index Only Scan,,,,
scalar,5000000,btree,after_maintenance,default,64MB,group_c200,2,450.20050000000003,450.173,450.228,0.051500000000000004,Index Only Scan,,,,
scalar,5000000,btree,clean,default,64MB,and2,2,20.590000000000003,19.946,21.234,0.073,"Bitmap Heap Scan, Bitmap Index Scan",,,,
scalar,5000000,btree,clean,default,64MB,and3,2,14.900500000000001,14.361,15.44,0.0545,"Bitmap Heap Scan, Bitmap Index Scan",,,,
scalar,5000000,btree,clean,default,64MB,eq_c200_17,2,1.8555,1.568,2.143,0.038000000000000006,Index Only Scan,,,,
scalar,5000000,btree,clean,default,64MB,eq_c20k_123,2,0.0325,0.032,0.033,0.033,Index Only Scan,,,,
scalar,5000000,btree,clean,default,64MB,eq_c2_0,2,177.649,177.605,177.693,0.051000000000000004,Index Only Scan,,,,
scalar,5000000,btree,clean,default,64MB,fetch_medium,2,21.122,19.962,22.282,0.0435,"Bitmap Heap Scan, Bitmap Index Scan",,,,
scalar,5000000,btree,clean,default,64MB,group_c200,2,439.428,433.019,445.837,0.056499999999999995,Index Only Scan,,,,
scalar,5000000,btree,clean,default,64MB,in_c20k_100,2,1.658,1.606,1.71,0.109,Index Only Scan,,,,
scalar,5000000,btree,clean,default,64MB,is_null,2,42.1415,36.465,47.818,0.0345,Index Only Scan,,,,
scalar,5000000,btree,clean,default,64MB,range_random,2,1.723,1.578,1.868,0.07200000000000001,Index Only Scan,,,,
scalar,5000000,btree,dirty_scattered,default,64MB,and2,2,223.1175,221.272,224.963,0.068,"Bitmap Heap Scan, Bitmap Index Scan",,,,
scalar,5000000,btree,dirty_scattered,default,64MB,eq_c200_17,2,2.0825,1.809,2.356,0.06,Index Only Scan,,,,
scalar,5000000,btree,dirty_scattered,default,64MB,eq_c2_0,2,677.087,658.452,695.722,0.0535,"Bitmap Heap Scan, Bitmap Index Scan",,,,
scalar,5000000,btree,dirty_scattered,default,64MB,group_c200,2,1032.383,981.89,1082.876,0.048,Seq Scan,,,,
scalar,5000000,btree,dirty_scattered,prefer_index,64MB,group_c200,2,425.32899999999995,419.52,431.138,0.0665,Index Only Scan,,,,
scalar,5000000,gin,after_maintenance,default,64MB,eq_c200_17,2,23.085,22.236,23.934,0.0695,"Bitmap Heap Scan, Bitmap Index Scan",,,,
scalar,5000000,gin,after_maintenance,default,64MB,group_c200,2,1091.9544999999998,1054.425,1129.484,0.0415,Seq Scan,,,,
scalar,5000000,gin,clean,default,64MB,and2,2,191.776,187.624,195.928,0.069,"Bitmap Heap Scan, Bitmap Index Scan",,,,
scalar,5000000,gin,clean,default,64MB,and3,2,27.898,27.68,28.116,0.086,"Bitmap Heap Scan, Bitmap Index Scan",,,,
scalar,5000000,gin,clean,default,64MB,eq_c200_17,2,113.357,72.988,153.726,0.07300000000000001,"Bitmap Heap Scan, Bitmap Index Scan",,,,
scalar,5000000,gin,clean,default,64MB,eq_c20k_123,2,1.0005,0.257,1.744,0.063,"Bitmap Heap Scan, Bitmap Index Scan",,,,
scalar,5000000,gin,clean,default,64MB,eq_c2_0,2,957.9325,950.697,965.168,0.064,"Bitmap Heap Scan, Bitmap Index Scan",,,,
scalar,5000000,gin,clean,default,64MB,fetch_medium,2,83.2105,22.849,143.572,0.053000000000000005,"Bitmap Heap Scan, Bitmap Index Scan",,,,
scalar,5000000,gin,clean,default,64MB,group_c200,2,1268.598,1192.391,1344.805,0.041499999999999995,Seq Scan,,,,
scalar,5000000,gin,clean,default,64MB,in_c20k_100,2,252.372,223.305,281.439,0.14100000000000001,"Bitmap Heap Scan, Bitmap Index Scan",,,,
scalar,5000000,gin,clean,default,64MB,is_null,2,791.2715000000001,713.61,868.933,0.047,Seq Scan,,,,
scalar,5000000,gin,clean,default,64MB,range_random,2,406.9125,312.35,501.475,0.057499999999999996,"Bitmap Heap Scan, Bitmap Index Scan",,,,
scalar,5000000,gin,dirty_scattered,default,64MB,and2,2,193.28,189.025,197.535,0.0725,"Bitmap Heap Scan, Bitmap Index Scan",,,,
scalar,5000000,gin,dirty_scattered,default,64MB,eq_c200_17,2,104.066,67.727,140.405,0.07250000000000001,"Bitmap Heap Scan, Bitmap Index Scan",,,,
scalar,5000000,gin,dirty_scattered,default,64MB,eq_c2_0,2,879.5260000000001,828.481,930.571,0.08399999999999999,"Bitmap Heap Scan, Bitmap Index Scan",,,,
scalar,5000000,gin,dirty_scattered,default,64MB,group_c200,2,975.308,924.626,1025.99,0.0515,Seq Scan,,,,
scalar,5000000,gin,dirty_scattered,prefer_index,64MB,group_c200,2,1009.835,1001.84,1017.83,0.0525,Seq Scan,,,,
scalar,5000000,roaring,after_maintenance,default,64MB,eq_c200_17,2,0.1795,0.156,0.203,0.0485,RoaringCount,,,,
scalar,5000000,roaring,after_maintenance,default,64MB,group_c200,2,1038.4395,1020.12,1056.759,0.0465,Seq Scan,,,,
scalar,5000000,roaring,clean,default,64MB,and2,2,1.6855000000000002,1.624,1.747,0.0435,RoaringCount,,,,
scalar,5000000,roaring,clean,default,64MB,and3,2,1.144,1.14,1.148,0.045,RoaringCount,,,,
scalar,5000000,roaring,clean,default,64MB,eq_c200_17,2,0.11699999999999999,0.106,0.128,0.048,RoaringCount,,,,
scalar,5000000,roaring,clean,default,64MB,eq_c20k_123,2,0.0245,0.021,0.028,0.047,RoaringCount,,,,
scalar,5000000,roaring,clean,default,64MB,eq_c2_0,2,2.02,2.019,2.021,0.035,RoaringCount,,,,
scalar,5000000,roaring,clean,default,64MB,fetch_medium,2,17.3745,16.167,18.582,0.0365,"Bitmap Heap Scan, Bitmap Index Scan",,,,
scalar,5000000,roaring,clean,default,64MB,group_c200,2,19.678,19.625,19.731,0.033,RoaringCount,,,,
scalar,5000000,roaring,clean,default,64MB,in_c20k_100,2,2.5265000000000004,2.454,2.599,0.11699999999999999,RoaringCount,,,,
scalar,5000000,roaring,clean,default,64MB,is_null,2,0.464,0.464,0.464,0.0315,RoaringCount,,,,
scalar,5000000,roaring,clean,default,64MB,range_random,2,721.793,720.145,723.441,0.035,Seq Scan,,,,
scalar,5000000,roaring,dirty_scattered,default,64MB,and2,2,2.661,1.761,3.561,0.057999999999999996,RoaringCount,,,,
scalar,5000000,roaring,dirty_scattered,default,64MB,eq_c200_17,2,0.125,0.109,0.141,0.0635,RoaringCount,,,,
scalar,5000000,roaring,dirty_scattered,default,64MB,eq_c2_0,2,532.4715000000001,514.546,550.397,0.066,"Bitmap Heap Scan, Bitmap Index Scan",,,,
scalar,5000000,roaring,dirty_scattered,default,64MB,group_c200,2,911.3924999999999,882.334,940.451,0.035,Seq Scan,,,,
scalar,5000000,roaring,dirty_scattered,prefer_index,64MB,group_c200,2,21.18,20.073,22.287,0.035,RoaringCount,,,,
scalar,5000000,roaring_bitmap,after_maintenance,default,64MB,eq_c200_17,2,19.319,14.662,23.976,0.044,"Bitmap Heap Scan, Bitmap Index Scan",,,,
scalar,5000000,roaring_bitmap,after_maintenance,default,64MB,group_c200,2,1088.8115,1037.14,1140.483,0.041999999999999996,Seq Scan,,,,
scalar,5000000,roaring_bitmap,clean,default,64MB,and2,2,43.7335,39.905,47.562,0.0655,"Bitmap Heap Scan, Bitmap Index Scan",,,,
scalar,5000000,roaring_bitmap,clean,default,64MB,and3,2,15.236,12.558,17.914,0.068,"Bitmap Heap Scan, Bitmap Index Scan",,,,
scalar,5000000,roaring_bitmap,clean,default,64MB,eq_c200_17,2,113.78200000000001,20.991,206.573,0.047,"Bitmap Heap Scan, Bitmap Index Scan",,,,
scalar,5000000,roaring_bitmap,clean,default,64MB,eq_c20k_123,2,2.4565,2.044,2.869,0.0665,"Bitmap Heap Scan, Bitmap Index Scan",,,,
scalar,5000000,roaring_bitmap,clean,default,64MB,eq_c2_0,2,652.5840000000001,506.672,798.496,0.043,"Bitmap Heap Scan, Bitmap Index Scan",,,,
scalar,5000000,roaring_bitmap,clean,default,64MB,fetch_medium,2,129.7125,22.471,236.954,0.0605,"Bitmap Heap Scan, Bitmap Index Scan",,,,
scalar,5000000,roaring_bitmap,clean,default,64MB,group_c200,2,1012.8275000000001,995.841,1029.814,0.0535,Seq Scan,,,,
scalar,5000000,roaring_bitmap,clean,default,64MB,in_c20k_100,2,225.888,223.553,228.223,0.094,"Bitmap Heap Scan, Bitmap Index Scan",,,,
scalar,5000000,roaring_bitmap,clean,default,64MB,is_null,2,532.4715,461.737,603.206,0.0375,"Bitmap Heap Scan, Bitmap Index Scan",,,,
scalar,5000000,roaring_bitmap,clean,default,64MB,range_random,2,533.7935,518.662,548.925,0.0435,Seq Scan,,,,
scalar,5000000,roaring_bitmap,dirty_scattered,default,64MB,and2,2,18.9595,16.364,21.555,0.0625,"Bitmap Heap Scan, Bitmap Index Scan",,,,
scalar,5000000,roaring_bitmap,dirty_scattered,default,64MB,eq_c200_17,2,117.4735,18.521,216.426,0.0565,"Bitmap Heap Scan, Bitmap Index Scan",,,,
scalar,5000000,roaring_bitmap,dirty_scattered,default,64MB,eq_c2_0,2,742.6055,702.826,782.385,0.034,"Bitmap Heap Scan, Bitmap Index Scan",,,,
scalar,5000000,roaring_bitmap,dirty_scattered,default,64MB,group_c200,2,889.454,809.285,969.623,0.0435,Seq Scan,,,,
scalar,5000000,roaring_bitmap,dirty_scattered,prefer_index,64MB,group_c200,2,1058.1970000000001,1058.1,1058.294,0.0535,Seq Scan,,,,
